gpu,1s,2s,3s,4s,1b,2b,3b,4b
10.2945601,120.731489,61.3046878,44.0876565,43.5567299,82.3933359,43.7010334,30.980689,27.0804018
8.650423475,144.675191,95.3639603,65.6477543,63.0985041,133.417694,82.8940094,45.6687955,41.6749233
20.404001,38.9050165,22.6016628,15.1748636,13.5761869,33.7838112,17.4229144,13.1694364,11.12739
8.61588495,43.1555115,22.6016628,15.6518366,13.5761869,39.7606072,19.6971524,13.7072034,11.12739
45.0615543,43.1555115,22.6016628,15.6518366,13.5761869,39.7606072,19.6971524,13.7072034,11.12739
150.42,63.52036111,29.58845714,20.94038,15.1649,29.51686,17.79792,15.078,14.40094
108.31,18.77996528,8.686666667,6.75174,5.096625,7.35265,5.327385,4.689515,4.481675
17.45,6.859155,3.20504,2.30821,2.11183,2.6808,2.07844,1.890655,1.813975